Name (string);Profile;DevEUI (hex string);AppKey (hex string);Join EUI (опционально) (hex string);Description (string);Active (true/false)
lorawan-emulator-01;98e37811-de41-4da7-9440-f3c8fb35fbb9;7700000000000001;a1b2c3d4e5f678901234567890abcdef;1000000000000000;LoRaWAN сенсор 1;true
lorawan-emulator-02;98e37811-de41-4da7-9440-f3c8fb35fbb9;7700000000000002;b2c3d4e5f678901234567890abcdefa1;1000000000000000;LoRaWAN сенсор 2;true
lorawan-emulator-03;98e37811-de41-4da7-9440-f3c8fb35fbb9;7700000000000003;c3d4e5f678901234567890abcdefa1b2;1000000000000000;LoRaWAN сенсор 3;false
lorawan-emulator-04;98e37811-de41-4da7-9440-f3c8fb35fbb9;7700000000000004;d4e5f678901234567890abcdefa1b2c3;1000000000000000;LoRaWAN сенсор 4;true
lorawan-emulator-05;98e37811-de41-4da7-9440-f3c8fb35fbb9;7700000000000005;e5f678901234567890abcdefa1b2c3d4;1000000000000000;LoRaWAN сенсор 5;true
lorawan-emulator-06;98e37811-de41-4da7-9440-f3c8fb35fbb9;7700000000000006;f678901234567890abcdefa1b2c3d4e5;1000000000000000;LoRaWAN сенсор 6;false
lorawan-emulator-07;98e37811-de41-4da7-9440-f3c8fb35fbb9;7700000000000007;78901234567890abcdefa1b2c3d4e5f6;1000000000000000;LoRaWAN сенсор 7;true
lorawan-emulator-08;98e37811-de41-4da7-9440-f3c8fb35fbb9;7700000000000008;8901234567890abcdefa1b2c3d4e5f67;1000000000000000;LoRaWAN сенсор 8;true
lorawan-emulator-09;98e37811-de41-4da7-9440-f3c8fb35fbb9;7700000000000009;901234567890abcdefa1b2c3d4e5f678;1000000000000000;LoRaWAN сенсор 9;false
